{"cameraMode":{"drawMode":0,"name":"Shaded","section":"Shading Mode"},"sceneLighting":false,"audioPlay":false,"sceneViewState":{"showFog":true,"showMaterialUpdate":false,"showSkybox":false,"showFlares":true,"showImageEffects":true,"showParticleSystems":true,"showVisualEffectGraphs":true,"m_FxEnabled":true},"in2DMode":false,"pivot":{"x":25.500001907348634,"y":2.3306117057800295,"z":29.49565315246582},"rotation":{"x":-0.0028006541542708875,"y":0.963718056678772,"z":-0.010119402781128884,"w":-0.2667166292667389},"size":2.962765693664551,"orthographic":true}