{"cameraMode":{"drawMode":0,"name":"Shaded","section":"Shading Mode"},"sceneLighting":false,"audioPlay":false,"sceneViewState":{"showFog":true,"showMaterialUpdate":false,"showSkybox":false,"showFlares":true,"showImageEffects":true,"showParticleSystems":true,"showVisualEffectGraphs":true,"m_FxEnabled":true},"in2DMode":false,"pivot":{"x":-3.6033949851989748,"y":2.8664491176605226,"z":6.841956615447998},"rotation":{"x":0.003961462993174791,"y":0.9875360727310181,"z":-0.025187639519572259,"w":0.15531764924526215},"size":1.2618919610977173,"orthographic":true}